{"cameraMode":{"drawMode":0,"name":"Shaded","section":"Shading Mode"},"sceneLighting":false,"audioPlay":false,"sceneViewState":{"showFog":true,"showMaterialUpdate":false,"showSkybox":false,"showFlares":true,"showImageEffects":true,"showParticleSystems":true},"in2DMode":false,"pivot":{"x":-0.1273193359375,"y":0.0557861328125,"z":-0.1201171875},"rotation":{"x":0.41451483964920046,"y":0.19931277632713319,"z":-0.0935642421245575,"w":0.883006751537323},"size":1.7277641296386719,"orthographic":true}