{"cameraMode":{"drawMode":0,"name":"Shaded","section":"Shading Mode"},"sceneLighting":false,"audioPlay":false,"sceneViewState":{"showFog":true,"showMaterialUpdate":false,"showSkybox":false,"showFlares":true,"showImageEffects":true,"showParticleSystems":true},"in2DMode":false,"pivot":{"x":-0.00000762939453125,"y":0.8688344955444336,"z":-0.0035114288330078127},"rotation":{"x":-0.30669647455215456,"y":-0.039679381996393207,"z":0.012797804549336434,"w":-0.9508962631225586},"size":3.648534059524536,"orthographic":true}