{"cameraMode":{"drawMode":0,"name":"Shaded","section":"Shading Mode"},"sceneLighting":false,"audioPlay":false,"sceneViewState":{"showFog":true,"showMaterialUpdate":false,"showSkybox":false,"showFlares":true,"showImageEffects":true,"showParticleSystems":true},"in2DMode":false,"pivot":{"x":0.298065185546875,"y":1.760040283203125,"z":-5.01806640625},"rotation":{"x":0.019924145191907884,"y":-0.9238752126693726,"z":0.04854689538478851,"w":0.37912410497665408},"size":3.6537599563598635,"orthographic":true}