{"cameraMode":{"drawMode":0,"name":"Shaded","section":"Shading Mode"},"sceneLighting":false,"audioPlay":false,"sceneViewState":{"showFog":true,"showMaterialUpdate":false,"showSkybox":false,"showFlares":true,"showImageEffects":true,"showParticleSystems":true},"in2DMode":false,"pivot":{"x":-11.586445808410645,"y":6.615959167480469,"z":6.890563011169434},"rotation":{"x":0.1345319151878357,"y":-0.8582097291946411,"z":0.2847755253314972,"w":0.40538379549980166},"size":5.909568786621094,"orthographic":true}