{"cameraMode":{"drawMode":0,"name":"Shaded","section":"Shading Mode"},"sceneLighting":false,"audioPlay":false,"sceneViewState":{"showFog":true,"showMaterialUpdate":false,"showSkybox":false,"showFlares":true,"showImageEffects":true,"showParticleSystems":true},"in2DMode":false,"pivot":{"x":-1.92730712890625,"y":2.7546844482421877,"z":3.02734375},"rotation":{"x":-0.28989049792289736,"y":-0.6449827551841736,"z":0.28987929224967959,"w":-0.6449621915817261},"size":3.348144292831421,"orthographic":true}