{"cameraMode":{"drawMode":0,"name":"Shaded","section":"Shading Mode"},"sceneLighting":true,"audioPlay":false,"sceneViewState":{"showFog":true,"showMaterialUpdate":false,"showSkybox":true,"showFlares":true,"showImageEffects":true,"showParticleSystems":true},"in2DMode":false,"pivot":{"x":-2.53076171875,"y":-1.4047718048095704,"z":-0.10594749450683594},"rotation":{"x":0.26651063561439516,"y":0.38562461733818056,"z":-0.11738909780979157,"w":0.8754915595054627},"size":38.27156066894531,"orthographic":true}