{"cameraMode":{"drawMode":0,"name":"Shaded","section":"Shading Mode"},"sceneLighting":false,"audioPlay":false,"sceneViewState":{"showFog":true,"showMaterialUpdate":false,"showSkybox":false,"showFlares":true,"showImageEffects":true,"showParticleSystems":true},"in2DMode":false,"pivot":{"x":-2.5799999237060549,"y":0.6560759544372559,"z":-0.11979737877845764},"rotation":{"x":0.19352072477340699,"y":0.6632646322250366,"z":-0.18356385827064515,"w":0.6992402672767639},"size":3.1139724254608156,"orthographic":true}